Origen,Media,Mediana,Desviación Estándar,Varianza
datapage1,53.73684210526316,52.0,9.850685817765807,97.03601108033241
datapage2,154.5,153.5,30.54186562008869,932.8055555555555
